name,title,level,facing,categories,description,detail,remediation,metadata,cache_key
function_search_path_mutable,Function Search Path Mutable,WARN,EXTERNAL,"[""SECURITY""]",Detects functions where the search_path parameter is not set.,Function \`public.calculate_popularity_score\` has a role mutable search_path,https://supabase.com/docs/guides/database/database-linter?lint=0011_function_search_path_mutable,"{""name"":""calculate_popularity_score"",""type"":""function"",""schema"":""public""}",function_search_path_mutable_public_calculate_popularity_score_d49f899163d378799f603063cb14198c
function_search_path_mutable,Function Search Path Mutable,WARN,EXTERNAL,"[""SECURITY""]",Detects functions where the search_path parameter is not set.,Function \`public.update_popularity_on_view_change\` has a role mutable search_path,https://supabase.com/docs/guides/database/database-linter?lint=0011_function_search_path_mutable,"{""name"":""update_popularity_on_view_change"",""type"":""function"",""schema"":""public""}",function_search_path_mutable_public_update_popularity_on_view_change_2c0abea29432229d4e5eb12bfb790783
function_search_path_mutable,Function Search Path Mutable,WARN,EXTERNAL,"[""SECURITY""]",Detects functions where the search_path parameter is not set.,Function \`public.update_popularity_on_credit_change\` has a role mutable search_path,https://supabase.com/docs/guides/database/database-linter?lint=0011_function_search_path_mutable,"{""name"":""update_popularity_on_credit_change"",""type"":""function"",""schema"":""public""}",function_search_path_mutable_public_update_popularity_on_credit_change_101918168fba1db22ca875645a7024b0
function_search_path_mutable,Function Search Path Mutable,WARN,EXTERNAL,"[""SECURITY""]",Detects functions where the search_path parameter is not set.,Function \`public.merge_people\` has a role mutable search_path,https://supabase.com/docs/guides/database/database-linter?lint=0011_function_search_path_mutable,"{""name"":""merge_people"",""type"":""function"",""schema"":""public""}",function_search_path_mutable_public_merge_people_50e5774892148b3a3f5ba55f48034b33
function_search_path_mutable,Function Search Path Mutable,WARN,EXTERNAL,"[""SECURITY""]",Detects functions where the search_path parameter is not set.,Function \`public.get_people_with_counts\` has a role mutable search_path,https://supabase.com/docs/guides/database/database-linter?lint=0011_function_search_path_mutable,"{""name"":""get_people_with_counts"",""type"":""function"",""schema"":""public""}",function_search_path_mutable_public_get_people_with_counts_dc50078f148c1ec053b381db984a9d35
function_search_path_mutable,Function Search Path Mutable,WARN,EXTERNAL,"[""SECURITY""]",Detects functions where the search_path parameter is not set.,Function \`public.merge_people\` has a role mutable search_path,https://supabase.com/docs/guides/database/database-linter?lint=0011_function_search_path_mutable,"{""name"":""merge_people"",""type"":""function"",""schema"":""public""}",function_search_path_mutable_public_merge_people_75b939cc398401ed53314b9ba07baa7d
function_search_path_mutable,Function Search Path Mutable,WARN,EXTERNAL,"[""SECURITY""]",Detects functions where the search_path parameter is not set.,Function \`public.merge_films\` has a role mutable search_path,https://supabase.com/docs/guides/database/database-linter?lint=0011_function_search_path_mutable,"{""name"":""merge_films"",""type"":""function"",""schema"":""public""}",function_search_path_mutable_public_merge_films_90f8f27f247a5fb272a1761b3f60084a
function_search_path_mutable,Function Search Path Mutable,WARN,EXTERNAL,"[""SECURITY""]",Detects functions where the search_path parameter is not set.,Function \`public.batch_certify_films\` has a role mutable search_path,https://supabase.com/docs/guides/database/database-linter?lint=0011_function_search_path_mutable,"{""name"":""batch_certify_films"",""type"":""function"",""schema"":""public""}",function_search_path_mutable_public_batch_certify_films_ebd04e1223bd16ee7a43a0d29565b3d6
function_search_path_mutable,Function Search Path Mutable,WARN,EXTERNAL,"[""SECURITY""]",Detects functions where the search_path parameter is not set.,Function \`public.generate_slug\` has a role mutable search_path,https://supabase.com/docs/guides/database/database-linter?lint=0011_function_search_path_mutable,"{""name"":""generate_slug"",""type"":""function"",""schema"":""public""}",function_search_path_mutable_public_generate_slug_4381c9a8a0c1438818867f01c0f8c743
function_search_path_mutable,Function Search Path Mutable,WARN,EXTERNAL,"[""SECURITY""]",Detects functions where the search_path parameter is not set.,Function \`public.get_my_role\` has a role mutable search_path,https://supabase.com/docs/guides/database/database-linter?lint=0011_function_search_path_mutable,"{""name"":""get_my_role"",""type"":""function"",""schema"":""public""}",function_search_path_mutable_public_get_my_role_22ccfdb8a97f855d0d67554fabc1f182
function_search_path_mutable,Function Search Path Mutable,WARN,EXTERNAL,"[""SECURITY""]",Detects functions where the search_path parameter is not set.,Function \`public.create_pro_profile\` has a role mutable search_path,https://supabase.com/docs/guides/database/database-linter?lint=0011_function_search_path_mutable,"{""name"":""create_pro_profile"",""type"":""function"",""schema"":""public""}",function_search_path_mutable_public_create_pro_profile_26105447194038e5a265f508d9cb66dd
function_search_path_mutable,Function Search Path Mutable,WARN,EXTERNAL,"[""SECURITY""]",Detects functions where the search_path parameter is not set.,Function \`public.update_updated_at\` has a role mutable search_path,https://supabase.com/docs/guides/database/database-linter?lint=0011_function_search_path_mutable,"{""name"":""update_updated_at"",""type"":""function"",""schema"":""public""}",function_search_path_mutable_public_update_updated_at_204b9b9355e61b7541bc0633bbc9294c
function_search_path_mutable,Function Search Path Mutable,WARN,EXTERNAL,"[""SECURITY""]",Detects functions where the search_path parameter is not set.,Function \`public.refresh_film_average_rating\` has a role mutable search_path,https://supabase.com/docs/guides/database/database-linter?lint=0011_function_search_path_mutable,"{""name"":""refresh_film_average_rating"",""type"":""function"",""schema"":""public""}",function_search_path_mutable_public_refresh_film_average_rating_3a6cf80bd03119eaf51aaba74df8b6fc
function_search_path_mutable,Function Search Path Mutable,WARN,EXTERNAL,"[""SECURITY""]",Detects functions where the search_path parameter is not set.,Function \`public.refresh_all_popularity_scores\` has a role mutable search_path,https://supabase.com/docs/guides/database/database-linter?lint=0011_function_search_path_mutable,"{""name"":""refresh_all_popularity_scores"",""type"":""function"",""schema"":""public""}",function_search_path_mutable_public_refresh_all_popularity_scores_e05a8f1f9361a85ec6b1b4068384ed0a
function_search_path_mutable,Function Search Path Mutable,WARN,EXTERNAL,"[""SECURITY""]",Detects functions where the search_path parameter is not set.,Function \`public.batch_create_films_from_videos\` has a role mutable search_path,https://supabase.com/docs/guides/database/database-linter?lint=0011_function_search_path_mutable,"{""name"":""batch_create_films_from_videos"",""type"":""function"",""schema"":""public""}",function_search_path_mutable_public_batch_create_films_from_videos_6455b850ce2b9e0752b6a90c18c3c52c
function_search_path_mutable,Function Search Path Mutable,WARN,EXTERNAL,"[""SECURITY""]",Detects functions where the search_path parameter is not set.,Function \`public.auto_slug_films\` has a role mutable search_path,https://supabase.com/docs/guides/database/database-linter?lint=0011_function_search_path_mutable,"{""name"":""auto_slug_films"",""type"":""function"",""schema"":""public""}",function_search_path_mutable_public_auto_slug_films_089233e102c24af06e44357be7cb0441
function_search_path_mutable,Function Search Path Mutable,WARN,EXTERNAL,"[""SECURITY""]",Detects functions where the search_path parameter is not set.,Function \`public.auto_slug_people\` has a role mutable search_path,https://supabase.com/docs/guides/database/database-linter?lint=0011_function_search_path_mutable,"{""name"":""auto_slug_people"",""type"":""function"",""schema"":""public""}",function_search_path_mutable_public_auto_slug_people_3acad7fdb3a4e96df06c7ae393514106
function_search_path_mutable,Function Search Path Mutable,WARN,EXTERNAL,"[""SECURITY""]",Detects functions where the search_path parameter is not set.,Function \`public.auto_slug_channels\` has a role mutable search_path,https://supabase.com/docs/guides/database/database-linter?lint=0011_function_search_path_mutable,"{""name"":""auto_slug_channels"",""type"":""function"",""schema"":""public""}",function_search_path_mutable_public_auto_slug_channels_568c89845c80ba58453e12e5a9bd60f0
function_search_path_mutable,Function Search Path Mutable,WARN,EXTERNAL,"[""SECURITY""]",Detects functions where the search_path parameter is not set.,Function \`public.auto_slug_companies\` has a role mutable search_path,https://supabase.com/docs/guides/database/database-linter?lint=0011_function_search_path_mutable,"{""name"":""auto_slug_companies"",""type"":""function"",""schema"":""public""}",function_search_path_mutable_public_auto_slug_companies_f4d0b65280ded24178e39410ba8a1a36
rls_policy_always_true,RLS Policy Always True,WARN,EXTERNAL,"[""SECURITY""]","Detects RLS policies that use overly permissive expressions like \`USING (true)\` or \`WITH CHECK (true)\` for UPDATE, DELETE, or INSERT operations. SELECT policies with \`USING (true)\` are intentionally excluded as this pattern is often used deliberately for public read access.",Table `public.channel_flags` has an RLS policy `Anyone can flag a channel` for `INSERT` that allows unrestricted access (WITH CHECK clause is always true). This effectively bypasses row-level security for -.,https://supabase.com/docs/guides/database/database-linter?lint=0024_permissive_rls_policy,"{""name"":""channel_flags"",""qual"":null,""type"":""table"",""roles"":[""-""],""schema"":""public"",""command"":""INSERT"",""with_check"":""true"",""policy_name"":""Anyone can flag a channel"",""permissive_using"":false,""permissive_with_check"":true}",rls_policy_always_true_public_channel_flags_Anyone can flag a channel
rls_policy_always_true,RLS Policy Always True,WARN,EXTERNAL,"[""SECURITY""]","Detects RLS policies that use overly permissive expressions like \`USING (true)\` or \`WITH CHECK (true)\` for UPDATE, DELETE, or INSERT operations. SELECT policies with \`USING (true)\` are intentionally excluded as this pattern is often used deliberately for public read access.",Table `public.channels` has an RLS policy `Admins can do everything on channels` for `ALL` that allows unrestricted access (both USING and WITH CHECK are always true). This effectively bypasses row-level security for authenticated.,https://supabase.com/docs/guides/database/database-linter?lint=0024_permissive_rls_policy,"{""name"":""channels"",""qual"":""true"",""type"":""table"",""roles"":[""authenticated""],""schema"":""public"",""command"":""ALL"",""with_check"":""true"",""policy_name"":""Admins can do everything on channels"",""permissive_using"":true,""permissive_with_check"":true}",rls_policy_always_true_public_channels_Admins can do everything on channels
rls_policy_always_true,RLS Policy Always True,WARN,EXTERNAL,"[""SECURITY""]","Detects RLS policies that use overly permissive expressions like \`USING (true)\` or \`WITH CHECK (true)\` for UPDATE, DELETE, or INSERT operations. SELECT policies with \`USING (true)\` are intentionally excluded as this pattern is often used deliberately for public read access.",Table `public.companies` has an RLS policy `Allow company inserts` for `INSERT` that allows unrestricted access (WITH CHECK clause is always true). This effectively bypasses row-level security for -.,https://supabase.com/docs/guides/database/database-linter?lint=0024_permissive_rls_policy,"{""name"":""companies"",""qual"":null,""type"":""table"",""roles"":[""-""],""schema"":""public"",""command"":""INSERT"",""with_check"":""true"",""policy_name"":""Allow company inserts"",""permissive_using"":false,""permissive_with_check"":true}",rls_policy_always_true_public_companies_Allow company inserts
rls_policy_always_true,RLS Policy Always True,WARN,EXTERNAL,"[""SECURITY""]","Detects RLS policies that use overly permissive expressions like \`USING (true)\` or \`WITH CHECK (true)\` for UPDATE, DELETE, or INSERT operations. SELECT policies with \`USING (true)\` are intentionally excluded as this pattern is often used deliberately for public read access.",Table `public.companies` has an RLS policy `Allow company updates` for `UPDATE` that allows unrestricted access (both USING and WITH CHECK are always true). This effectively bypasses row-level security for -.,https://supabase.com/docs/guides/database/database-linter?lint=0024_permissive_rls_policy,"{""name"":""companies"",""qual"":""true"",""type"":""table"",""roles"":[""-""],""schema"":""public"",""command"":""UPDATE"",""with_check"":""true"",""policy_name"":""Allow company updates"",""permissive_using"":true,""permissive_with_check"":true}",rls_policy_always_true_public_companies_Allow company updates
rls_policy_always_true,RLS Policy Always True,WARN,EXTERNAL,"[""SECURITY""]","Detects RLS policies that use overly permissive expressions like \`USING (true)\` or \`WITH CHECK (true)\` for UPDATE, DELETE, or INSERT operations. SELECT policies with \`USING (true)\` are intentionally excluded as this pattern is often used deliberately for public read access.",Table `public.credits` has an RLS policy `Allow credit inserts` for `INSERT` that allows unrestricted access (WITH CHECK clause is always true). This effectively bypasses row-level security for -.,https://supabase.com/docs/guides/database/database-linter?lint=0024_permissive_rls_policy,"{""name"":""credits"",""qual"":null,""type"":""table"",""roles"":[""-""],""schema"":""public"",""command"":""INSERT"",""with_check"":""true"",""policy_name"":""Allow credit inserts"",""permissive_using"":false,""permissive_with_check"":true}",rls_policy_always_true_public_credits_Allow credit inserts
rls_policy_always_true,RLS Policy Always True,WARN,EXTERNAL,"[""SECURITY""]","Detects RLS policies that use overly permissive expressions like \`USING (true)\` or \`WITH CHECK (true)\` for UPDATE, DELETE, or INSERT operations. SELECT policies with \`USING (true)\` are intentionally excluded as this pattern is often used deliberately for public read access.",Table `public.film_genres` has an RLS policy `Allow film_genre inserts` for `INSERT` that allows unrestricted access (WITH CHECK clause is always true). This effectively bypasses row-level security for -.,https://supabase.com/docs/guides/database/database-linter?lint=0024_permissive_rls_policy,"{""name"":""film_genres"",""qual"":null,""type"":""table"",""roles"":[""-""],""schema"":""public"",""command"":""INSERT"",""with_check"":""true"",""policy_name"":""Allow film_genre inserts"",""permissive_using"":false,""permissive_with_check"":true}",rls_policy_always_true_public_film_genres_Allow film_genre inserts
rls_policy_always_true,RLS Policy Always True,WARN,EXTERNAL,"[""SECURITY""]","Detects RLS policies that use overly permissive expressions like \`USING (true)\` or \`WITH CHECK (true)\` for UPDATE, DELETE, or INSERT operations. SELECT policies with \`USING (true)\` are intentionally excluded as this pattern is often used deliberately for public read access.",Table `public.films` has an RLS policy `Allow film inserts` for `INSERT` that allows unrestricted access (WITH CHECK clause is always true). This effectively bypasses row-level security for -.,https://supabase.com/docs/guides/database/database-linter?lint=0024_permissive_rls_policy,"{""name"":""films"",""qual"":null,""type"":""table"",""roles"":[""-""],""schema"":""public"",""command"":""INSERT"",""with_check"":""true"",""policy_name"":""Allow film inserts"",""permissive_using"":false,""permissive_with_check"":true}",rls_policy_always_true_public_films_Allow film inserts
rls_policy_always_true,RLS Policy Always True,WARN,EXTERNAL,"[""SECURITY""]","Detects RLS policies that use overly permissive expressions like \`USING (true)\` or \`WITH CHECK (true)\` for UPDATE, DELETE, or INSERT operations. SELECT policies with \`USING (true)\` are intentionally excluded as this pattern is often used deliberately for public read access.",Table `public.films` has an RLS policy `Allow film updates` for `UPDATE` that allows unrestricted access (both USING and WITH CHECK are always true). This effectively bypasses row-level security for -.,https://supabase.com/docs/guides/database/database-linter?lint=0024_permissive_rls_policy,"{""name"":""films"",""qual"":""true"",""type"":""table"",""roles"":[""-""],""schema"":""public"",""command"":""UPDATE"",""with_check"":""true"",""policy_name"":""Allow film updates"",""permissive_using"":true,""permissive_with_check"":true}",rls_policy_always_true_public_films_Allow film updates
rls_policy_always_true,RLS Policy Always True,WARN,EXTERNAL,"[""SECURITY""]","Detects RLS policies that use overly permissive expressions like \`USING (true)\` or \`WITH CHECK (true)\` for UPDATE, DELETE, or INSERT operations. SELECT policies with \`USING (true)\` are intentionally excluded as this pattern is often used deliberately for public read access.",Table `public.people` has an RLS policy `Allow people inserts` for `INSERT` that allows unrestricted access (WITH CHECK clause is always true). This effectively bypasses row-level security for -.,https://supabase.com/docs/guides/database/database-linter?lint=0024_permissive_rls_policy,"{""name"":""people"",""qual"":null,""type"":""table"",""roles"":[""-""],""schema"":""public"",""command"":""INSERT"",""with_check"":""true"",""policy_name"":""Allow people inserts"",""permissive_using"":false,""permissive_with_check"":true}",rls_policy_always_true_public_people_Allow people inserts
rls_policy_always_true,RLS Policy Always True,WARN,EXTERNAL,"[""SECURITY""]","Detects RLS policies that use overly permissive expressions like \`USING (true)\` or \`WITH CHECK (true)\` for UPDATE, DELETE, or INSERT operations. SELECT policies with \`USING (true)\` are intentionally excluded as this pattern is often used deliberately for public read access.",Table `public.people` has an RLS policy `Allow people updates` for `UPDATE` that allows unrestricted access (both USING and WITH CHECK are always true). This effectively bypasses row-level security for -.,https://supabase.com/docs/guides/database/database-linter?lint=0024_permissive_rls_policy,"{""name"":""people"",""qual"":""true"",""type"":""table"",""roles"":[""-""],""schema"":""public"",""command"":""UPDATE"",""with_check"":""true"",""policy_name"":""Allow people updates"",""permissive_using"":true,""permissive_with_check"":true}",rls_policy_always_true_public_people_Allow people updates
rls_policy_always_true,RLS Policy Always True,WARN,EXTERNAL,"[""SECURITY""]","Detects RLS policies that use overly permissive expressions like \`USING (true)\` or \`WITH CHECK (true)\` for UPDATE, DELETE, or INSERT operations. SELECT policies with \`USING (true)\` are intentionally excluded as this pattern is often used deliberately for public read access.",Table `public.waitlist` has an RLS policy `Allow anonymous signups` for `INSERT` that allows unrestricted access (WITH CHECK clause is always true). This effectively bypasses row-level security for -.,https://supabase.com/docs/guides/database/database-linter?lint=0024_permissive_rls_policy,"{""name"":""waitlist"",""qual"":null,""type"":""table"",""roles"":[""-""],""schema"":""public"",""command"":""INSERT"",""with_check"":""true"",""policy_name"":""Allow anonymous signups"",""permissive_using"":false,""permissive_with_check"":true}",rls_policy_always_true_public_waitlist_Allow anonymous signups
public_bucket_allows_listing,Public Bucket Allows Listing,WARN,EXTERNAL,"[""SECURITY""]","Detects public storage buckets with a broad SELECT policy on `storage.objects`, which allows clients to list all files in the bucket.","Public bucket `film-images` has 1 broad SELECT policy on `storage.objects` (public view film images), allowing clients to list all files. Public buckets don't need this for object URL access and it may expose more data than intended.",https://supabase.com/docs/guides/database/database-linter?lint=0025_public_bucket_allows_listing,"{""name"":""film-images"",""type"":""bucket"",""schema"":""storage"",""bucket_id"":""film-images"",""bucket_name"":""film-images"",""policy_count"":1,""policy_names"":[""public view film images""]}",public_bucket_allows_listing_film-images
anon_security_definer_function_executable,Public Can Execute SECURITY DEFINER Function,WARN,EXTERNAL,"[""SECURITY""]","Detects `SECURITY DEFINER` functions that are callable without signing in. Revoke `EXECUTE`, switch the function to `SECURITY INVOKER`, or move it out of your exposed API schema if it is not meant to be public.","Function `public.admin_ban_user(target_user_id uuid, ban_status boolean)` can be executed by the `anon` role as a `SECURITY DEFINER` function via `/rest/v1/rpc/admin_ban_user`. Revoke `EXECUTE` or switch it to `SECURITY INVOKER` if that is not intentional.",https://supabase.com/docs/guides/database/database-linter?lint=0028_anon_security_definer_function_executable,"{""name"":""admin_ban_user"",""schema"":""public"",""language"":""plpgsql"",""arguments"":""target_user_id uuid, ban_status boolean"",""security_definer"":true}","anon_security_definer_function_executable_public_admin_ban_user_target_user_id uuid, ban_status boolean"
anon_security_definer_function_executable,Public Can Execute SECURITY DEFINER Function,WARN,EXTERNAL,"[""SECURITY""]","Detects `SECURITY DEFINER` functions that are callable without signing in. Revoke `EXECUTE`, switch the function to `SECURITY INVOKER`, or move it out of your exposed API schema if it is not meant to be public.","Function `public.admin_change_role(target_user_id uuid, new_role text)` can be executed by the `anon` role as a `SECURITY DEFINER` function via `/rest/v1/rpc/admin_change_role`. Revoke `EXECUTE` or switch it to `SECURITY INVOKER` if that is not intentional.",https://supabase.com/docs/guides/database/database-linter?lint=0028_anon_security_definer_function_executable,"{""name"":""admin_change_role"",""schema"":""public"",""language"":""plpgsql"",""arguments"":""target_user_id uuid, new_role text"",""security_definer"":true}","anon_security_definer_function_executable_public_admin_change_role_target_user_id uuid, new_role text"
anon_security_definer_function_executable,Public Can Execute SECURITY DEFINER Function,WARN,EXTERNAL,"[""SECURITY""]","Detects `SECURITY DEFINER` functions that are callable without signing in. Revoke `EXECUTE`, switch the function to `SECURITY INVOKER`, or move it out of your exposed API schema if it is not meant to be public.",Function `public.admin_delete_user(target_user_id uuid)` can be executed by the `anon` role as a `SECURITY DEFINER` function via `/rest/v1/rpc/admin_delete_user`. Revoke `EXECUTE` or switch it to `SECURITY INVOKER` if that is not intentional.,https://supabase.com/docs/guides/database/database-linter?lint=0028_anon_security_definer_function_executable,"{""name"":""admin_delete_user"",""schema"":""public"",""language"":""plpgsql"",""arguments"":""target_user_id uuid"",""security_definer"":true}",anon_security_definer_function_executable_public_admin_delete_user_target_user_id uuid
anon_security_definer_function_executable,Public Can Execute SECURITY DEFINER Function,WARN,EXTERNAL,"[""SECURITY""]","Detects `SECURITY DEFINER` functions that are callable without signing in. Revoke `EXECUTE`, switch the function to `SECURITY INVOKER`, or move it out of your exposed API schema if it is not meant to be public.",Function `public.batch_certify_films(film_uuids uuid[])` can be executed by the `anon` role as a `SECURITY DEFINER` function via `/rest/v1/rpc/batch_certify_films`. Revoke `EXECUTE` or switch it to `SECURITY INVOKER` if that is not intentional.,https://supabase.com/docs/guides/database/database-linter?lint=0028_anon_security_definer_function_executable,"{""name"":""batch_certify_films"",""schema"":""public"",""language"":""plpgsql"",""arguments"":""film_uuids uuid[]"",""security_definer"":true}",anon_security_definer_function_executable_public_batch_certify_films_film_uuids uuid[]
anon_security_definer_function_executable,Public Can Execute SECURITY DEFINER Function,WARN,EXTERNAL,"[""SECURITY""]","Detects `SECURITY DEFINER` functions that are callable without signing in. Revoke `EXECUTE`, switch the function to `SECURITY INVOKER`, or move it out of your exposed API schema if it is not meant to be public.",Function `public.batch_create_films_from_videos(video_db_ids uuid[])` can be executed by the `anon` role as a `SECURITY DEFINER` function via `/rest/v1/rpc/batch_create_films_from_videos`. Revoke `EXECUTE` or switch it to `SECURITY INVOKER` if that is not intentional.,https://supabase.com/docs/guides/database/database-linter?lint=0028_anon_security_definer_function_executable,"{""name"":""batch_create_films_from_videos"",""schema"":""public"",""language"":""plpgsql"",""arguments"":""video_db_ids uuid[]"",""security_definer"":true}",anon_security_definer_function_executable_public_batch_create_films_from_videos_video_db_ids uuid[]
anon_security_definer_function_executable,Public Can Execute SECURITY DEFINER Function,WARN,EXTERNAL,"[""SECURITY""]","Detects `SECURITY DEFINER` functions that are callable without signing in. Revoke `EXECUTE`, switch the function to `SECURITY INVOKER`, or move it out of your exposed API schema if it is not meant to be public.","Function `public.create_pro_profile(user_id uuid, pro_name text, pro_role text, pro_bio text)` can be executed by the `anon` role as a `SECURITY DEFINER` function via `/rest/v1/rpc/create_pro_profile`. Revoke `EXECUTE` or switch it to `SECURITY INVOKER` if that is not intentional.",https://supabase.com/docs/guides/database/database-linter?lint=0028_anon_security_definer_function_executable,"{""name"":""create_pro_profile"",""schema"":""public"",""language"":""plpgsql"",""arguments"":""user_id uuid, pro_name text, pro_role text, pro_bio text"",""security_definer"":true}","anon_security_definer_function_executable_public_create_pro_profile_user_id uuid, pro_name text, pro_role text, pro_bio text"
anon_security_definer_function_executable,Public Can Execute SECURITY DEFINER Function,WARN,EXTERNAL,"[""SECURITY""]","Detects `SECURITY DEFINER` functions that are callable without signing in. Revoke `EXECUTE`, switch the function to `SECURITY INVOKER`, or move it out of your exposed API schema if it is not meant to be public.","Function `public.get_people_with_counts(p_search text, p_verified text, p_spotlight text, p_sort_col text, p_sort_asc boolean, p_offset integer, p_limit integer, p_status text)` can be executed by the `anon` role as a `SECURITY DEFINER` function via `/rest/v1/rpc/get_people_with_counts`. Revoke `EXECUTE` or switch it to `SECURITY INVOKER` if that is not intentional.",https://supabase.com/docs/guides/database/database-linter?lint=0028_anon_security_definer_function_executable,"{""name"":""get_people_with_counts"",""schema"":""public"",""language"":""plpgsql"",""arguments"":""p_search text, p_verified text, p_spotlight text, p_sort_col text, p_sort_asc boolean, p_offset integer, p_limit integer, p_status text"",""security_definer"":true}","anon_security_definer_function_executable_public_get_people_with_counts_p_search text, p_verified text, p_spotlight text, p_sort_col text, p_sort_asc boolean, p_offset integer, p_limit integer, p_status text"
anon_security_definer_function_executable,Public Can Execute SECURITY DEFINER Function,WARN,EXTERNAL,"[""SECURITY""]","Detects `SECURITY DEFINER` functions that are callable without signing in. Revoke `EXECUTE`, switch the function to `SECURITY INVOKER`, or move it out of your exposed API schema if it is not meant to be public.",Function `public.handle_new_user()` can be executed by the `anon` role as a `SECURITY DEFINER` function via `/rest/v1/rpc/handle_new_user`. Revoke `EXECUTE` or switch it to `SECURITY INVOKER` if that is not intentional.,https://supabase.com/docs/guides/database/database-linter?lint=0028_anon_security_definer_function_executable,"{""name"":""handle_new_user"",""schema"":""public"",""language"":""plpgsql"",""arguments"":"""",""security_definer"":true}",anon_security_definer_function_executable_public_handle_new_user_
anon_security_definer_function_executable,Public Can Execute SECURITY DEFINER Function,WARN,EXTERNAL,"[""SECURITY""]","Detects `SECURITY DEFINER` functions that are callable without signing in. Revoke `EXECUTE`, switch the function to `SECURITY INVOKER`, or move it out of your exposed API schema if it is not meant to be public.",Function `public.handle_user_sync()` can be executed by the `anon` role as a `SECURITY DEFINER` function via `/rest/v1/rpc/handle_user_sync`. Revoke `EXECUTE` or switch it to `SECURITY INVOKER` if that is not intentional.,https://supabase.com/docs/guides/database/database-linter?lint=0028_anon_security_definer_function_executable,"{""name"":""handle_user_sync"",""schema"":""public"",""language"":""plpgsql"",""arguments"":"""",""security_definer"":true}",anon_security_definer_function_executable_public_handle_user_sync_
anon_security_definer_function_executable,Public Can Execute SECURITY DEFINER Function,WARN,EXTERNAL,"[""SECURITY""]","Detects `SECURITY DEFINER` functions that are callable without signing in. Revoke `EXECUTE`, switch the function to `SECURITY INVOKER`, or move it out of your exposed API schema if it is not meant to be public.","Function `public.merge_films(p_primary_id uuid, p_secondary_id uuid, p_metadata jsonb)` can be executed by the `anon` role as a `SECURITY DEFINER` function via `/rest/v1/rpc/merge_films`. Revoke `EXECUTE` or switch it to `SECURITY INVOKER` if that is not intentional.",https://supabase.com/docs/guides/database/database-linter?lint=0028_anon_security_definer_function_executable,"{""name"":""merge_films"",""schema"":""public"",""language"":""plpgsql"",""arguments"":""p_primary_id uuid, p_secondary_id uuid, p_metadata jsonb"",""security_definer"":true}","anon_security_definer_function_executable_public_merge_films_p_primary_id uuid, p_secondary_id uuid, p_metadata jsonb"
anon_security_definer_function_executable,Public Can Execute SECURITY DEFINER Function,WARN,EXTERNAL,"[""SECURITY""]","Detects `SECURITY DEFINER` functions that are callable without signing in. Revoke `EXECUTE`, switch the function to `SECURITY INVOKER`, or move it out of your exposed API schema if it is not meant to be public.","Function `public.merge_people(p_master_id uuid, p_duplicate_ids uuid[])` can be executed by the `anon` role as a `SECURITY DEFINER` function via `/rest/v1/rpc/merge_people`. Revoke `EXECUTE` or switch it to `SECURITY INVOKER` if that is not intentional.",https://supabase.com/docs/guides/database/database-linter?lint=0028_anon_security_definer_function_executable,"{""name"":""merge_people"",""schema"":""public"",""language"":""plpgsql"",""arguments"":""p_master_id uuid, p_duplicate_ids uuid[]"",""security_definer"":true}","anon_security_definer_function_executable_public_merge_people_p_master_id uuid, p_duplicate_ids uuid[]"
anon_security_definer_function_executable,Public Can Execute SECURITY DEFINER Function,WARN,EXTERNAL,"[""SECURITY""]","Detects `SECURITY DEFINER` functions that are callable without signing in. Revoke `EXECUTE`, switch the function to `SECURITY INVOKER`, or move it out of your exposed API schema if it is not meant to be public.","Function `public.merge_people(p_primary_id uuid, p_secondary_id uuid, p_metadata jsonb)` can be executed by the `anon` role as a `SECURITY DEFINER` function via `/rest/v1/rpc/merge_people`. Revoke `EXECUTE` or switch it to `SECURITY INVOKER` if that is not intentional.",https://supabase.com/docs/guides/database/database-linter?lint=0028_anon_security_definer_function_executable,"{""name"":""merge_people"",""schema"":""public"",""language"":""plpgsql"",""arguments"":""p_primary_id uuid, p_secondary_id uuid, p_metadata jsonb"",""security_definer"":true}","anon_security_definer_function_executable_public_merge_people_p_primary_id uuid, p_secondary_id uuid, p_metadata jsonb"
anon_security_definer_function_executable,Public Can Execute SECURITY DEFINER Function,WARN,EXTERNAL,"[""SECURITY""]","Detects `SECURITY DEFINER` functions that are callable without signing in. Revoke `EXECUTE`, switch the function to `SECURITY INVOKER`, or move it out of your exposed API schema if it is not meant to be public.",Function `public.refresh_all_popularity_scores()` can be executed by the `anon` role as a `SECURITY DEFINER` function via `/rest/v1/rpc/refresh_all_popularity_scores`. Revoke `EXECUTE` or switch it to `SECURITY INVOKER` if that is not intentional.,https://supabase.com/docs/guides/database/database-linter?lint=0028_anon_security_definer_function_executable,"{""name"":""refresh_all_popularity_scores"",""schema"":""public"",""language"":""plpgsql"",""arguments"":"""",""security_definer"":true}",anon_security_definer_function_executable_public_refresh_all_popularity_scores_
authenticated_security_definer_function_executable,Signed-In Users Can Execute SECURITY DEFINER Function,WARN,EXTERNAL,"[""SECURITY""]","Detects `SECURITY DEFINER` functions that are callable by signed-in users. Revoke `EXECUTE`, switch the function to `SECURITY INVOKER`, or move it out of your exposed API schema if signed-in users should not call it.","Function `public.admin_ban_user(target_user_id uuid, ban_status boolean)` can be executed by the `authenticated` role as a `SECURITY DEFINER` function via `/rest/v1/rpc/admin_ban_user`. Revoke `EXECUTE` or switch it to `SECURITY INVOKER` if that is not intentional.",https://supabase.com/docs/guides/database/database-linter?lint=0029_authenticated_security_definer_function_executable,"{""name"":""admin_ban_user"",""schema"":""public"",""language"":""plpgsql"",""arguments"":""target_user_id uuid, ban_status boolean"",""security_definer"":true}","authenticated_security_definer_function_executable_public_admin_ban_user_target_user_id uuid, ban_status boolean"
authenticated_security_definer_function_executable,Signed-In Users Can Execute SECURITY DEFINER Function,WARN,EXTERNAL,"[""SECURITY""]","Detects `SECURITY DEFINER` functions that are callable by signed-in users. Revoke `EXECUTE`, switch the function to `SECURITY INVOKER`, or move it out of your exposed API schema if signed-in users should not call it.","Function `public.admin_change_role(target_user_id uuid, new_role text)` can be executed by the `authenticated` role as a `SECURITY DEFINER` function via `/rest/v1/rpc/admin_change_role`. Revoke `EXECUTE` or switch it to `SECURITY INVOKER` if that is not intentional.",https://supabase.com/docs/guides/database/database-linter?lint=0029_authenticated_security_definer_function_executable,"{""name"":""admin_change_role"",""schema"":""public"",""language"":""plpgsql"",""arguments"":""target_user_id uuid, new_role text"",""security_definer"":true}","authenticated_security_definer_function_executable_public_admin_change_role_target_user_id uuid, new_role text"
authenticated_security_definer_function_executable,Signed-In Users Can Execute SECURITY DEFINER Function,WARN,EXTERNAL,"[""SECURITY""]","Detects `SECURITY DEFINER` functions that are callable by signed-in users. Revoke `EXECUTE`, switch the function to `SECURITY INVOKER`, or move it out of your exposed API schema if signed-in users should not call it.",Function `public.admin_delete_user(target_user_id uuid)` can be executed by the `authenticated` role as a `SECURITY DEFINER` function via `/rest/v1/rpc/admin_delete_user`. Revoke `EXECUTE` or switch it to `SECURITY INVOKER` if that is not intentional.,https://supabase.com/docs/guides/database/database-linter?lint=0029_authenticated_security_definer_function_executable,"{""name"":""admin_delete_user"",""schema"":""public"",""language"":""plpgsql"",""arguments"":""target_user_id uuid"",""security_definer"":true}",authenticated_security_definer_function_executable_public_admin_delete_user_target_user_id uuid
authenticated_security_definer_function_executable,Signed-In Users Can Execute SECURITY DEFINER Function,WARN,EXTERNAL,"[""SECURITY""]","Detects `SECURITY DEFINER` functions that are callable by signed-in users. Revoke `EXECUTE`, switch the function to `SECURITY INVOKER`, or move it out of your exposed API schema if signed-in users should not call it.",Function `public.batch_certify_films(film_uuids uuid[])` can be executed by the `authenticated` role as a `SECURITY DEFINER` function via `/rest/v1/rpc/batch_certify_films`. Revoke `EXECUTE` or switch it to `SECURITY INVOKER` if that is not intentional.,https://supabase.com/docs/guides/database/database-linter?lint=0029_authenticated_security_definer_function_executable,"{""name"":""batch_certify_films"",""schema"":""public"",""language"":""plpgsql"",""arguments"":""film_uuids uuid[]"",""security_definer"":true}",authenticated_security_definer_function_executable_public_batch_certify_films_film_uuids uuid[]
authenticated_security_definer_function_executable,Signed-In Users Can Execute SECURITY DEFINER Function,WARN,EXTERNAL,"[""SECURITY""]","Detects `SECURITY DEFINER` functions that are callable by signed-in users. Revoke `EXECUTE`, switch the function to `SECURITY INVOKER`, or move it out of your exposed API schema if signed-in users should not call it.",Function `public.batch_create_films_from_videos(video_db_ids uuid[])` can be executed by the `authenticated` role as a `SECURITY DEFINER` function via `/rest/v1/rpc/batch_create_films_from_videos`. Revoke `EXECUTE` or switch it to `SECURITY INVOKER` if that is not intentional.,https://supabase.com/docs/guides/database/database-linter?lint=0029_authenticated_security_definer_function_executable,"{""name"":""batch_create_films_from_videos"",""schema"":""public"",""language"":""plpgsql"",""arguments"":""video_db_ids uuid[]"",""security_definer"":true}",authenticated_security_definer_function_executable_public_batch_create_films_from_videos_video_db_ids uuid[]
authenticated_security_definer_function_executable,Signed-In Users Can Execute SECURITY DEFINER Function,WARN,EXTERNAL,"[""SECURITY""]","Detects `SECURITY DEFINER` functions that are callable by signed-in users. Revoke `EXECUTE`, switch the function to `SECURITY INVOKER`, or move it out of your exposed API schema if signed-in users should not call it.","Function `public.create_pro_profile(user_id uuid, pro_name text, pro_role text, pro_bio text)` can be executed by the `authenticated` role as a `SECURITY DEFINER` function via `/rest/v1/rpc/create_pro_profile`. Revoke `EXECUTE` or switch it to `SECURITY INVOKER` if that is not intentional.",https://supabase.com/docs/guides/database/database-linter?lint=0029_authenticated_security_definer_function_executable,"{""name"":""create_pro_profile"",""schema"":""public"",""language"":""plpgsql"",""arguments"":""user_id uuid, pro_name text, pro_role text, pro_bio text"",""security_definer"":true}","authenticated_security_definer_function_executable_public_create_pro_profile_user_id uuid, pro_name text, pro_role text, pro_bio text"
authenticated_security_definer_function_executable,Signed-In Users Can Execute SECURITY DEFINER Function,WARN,EXTERNAL,"[""SECURITY""]","Detects `SECURITY DEFINER` functions that are callable by signed-in users. Revoke `EXECUTE`, switch the function to `SECURITY INVOKER`, or move it out of your exposed API schema if signed-in users should not call it.","Function `public.get_people_with_counts(p_search text, p_verified text, p_spotlight text, p_sort_col text, p_sort_asc boolean, p_offset integer, p_limit integer, p_status text)` can be executed by the `authenticated` role as a `SECURITY DEFINER` function via `/rest/v1/rpc/get_people_with_counts`. Revoke `EXECUTE` or switch it to `SECURITY INVOKER` if that is not intentional.",https://supabase.com/docs/guides/database/database-linter?lint=0029_authenticated_security_definer_function_executable,"{""name"":""get_people_with_counts"",""schema"":""public"",""language"":""plpgsql"",""arguments"":""p_search text, p_verified text, p_spotlight text, p_sort_col text, p_sort_asc boolean, p_offset integer, p_limit integer, p_status text"",""security_definer"":true}","authenticated_security_definer_function_executable_public_get_people_with_counts_p_search text, p_verified text, p_spotlight text, p_sort_col text, p_sort_asc boolean, p_offset integer, p_limit integer, p_status text"
authenticated_security_definer_function_executable,Signed-In Users Can Execute SECURITY DEFINER Function,WARN,EXTERNAL,"[""SECURITY""]","Detects `SECURITY DEFINER` functions that are callable by signed-in users. Revoke `EXECUTE`, switch the function to `SECURITY INVOKER`, or move it out of your exposed API schema if signed-in users should not call it.",Function `public.handle_new_user()` can be executed by the `authenticated` role as a `SECURITY DEFINER` function via `/rest/v1/rpc/handle_new_user`. Revoke `EXECUTE` or switch it to `SECURITY INVOKER` if that is not intentional.,https://supabase.com/docs/guides/database/database-linter?lint=0029_authenticated_security_definer_function_executable,"{""name"":""handle_new_user"",""schema"":""public"",""language"":""plpgsql"",""arguments"":"""",""security_definer"":true}",authenticated_security_definer_function_executable_public_handle_new_user_
authenticated_security_definer_function_executable,Signed-In Users Can Execute SECURITY DEFINER Function,WARN,EXTERNAL,"[""SECURITY""]","Detects `SECURITY DEFINER` functions that are callable by signed-in users. Revoke `EXECUTE`, switch the function to `SECURITY INVOKER`, or move it out of your exposed API schema if signed-in users should not call it.",Function `public.handle_user_sync()` can be executed by the `authenticated` role as a `SECURITY DEFINER` function via `/rest/v1/rpc/handle_user_sync`. Revoke `EXECUTE` or switch it to `SECURITY INVOKER` if that is not intentional.,https://supabase.com/docs/guides/database/database-linter?lint=0029_authenticated_security_definer_function_executable,"{""name"":""handle_user_sync"",""schema"":""public"",""language"":""plpgsql"",""arguments"":"""",""security_definer"":true}",authenticated_security_definer_function_executable_public_handle_user_sync_
authenticated_security_definer_function_executable,Signed-In Users Can Execute SECURITY DEFINER Function,WARN,EXTERNAL,"[""SECURITY""]","Detects `SECURITY DEFINER` functions that are callable by signed-in users. Revoke `EXECUTE`, switch the function to `SECURITY INVOKER`, or move it out of your exposed API schema if signed-in users should not call it.","Function `public.merge_films(p_primary_id uuid, p_secondary_id uuid, p_metadata jsonb)` can be executed by the `authenticated` role as a `SECURITY DEFINER` function via `/rest/v1/rpc/merge_films`. Revoke `EXECUTE` or switch it to `SECURITY INVOKER` if that is not intentional.",https://supabase.com/docs/guides/database/database-linter?lint=0029_authenticated_security_definer_function_executable,"{""name"":""merge_films"",""schema"":""public"",""language"":""plpgsql"",""arguments"":""p_primary_id uuid, p_secondary_id uuid, p_metadata jsonb"",""security_definer"":true}","authenticated_security_definer_function_executable_public_merge_films_p_primary_id uuid, p_secondary_id uuid, p_metadata jsonb"
authenticated_security_definer_function_executable,Signed-In Users Can Execute SECURITY DEFINER Function,WARN,EXTERNAL,"[""SECURITY""]","Detects `SECURITY DEFINER` functions that are callable by signed-in users. Revoke `EXECUTE`, switch the function to `SECURITY INVOKER`, or move it out of your exposed API schema if signed-in users should not call it.","Function `public.merge_people(p_master_id uuid, p_duplicate_ids uuid[])` can be executed by the `authenticated` role as a `SECURITY DEFINER` function via `/rest/v1/rpc/merge_people`. Revoke `EXECUTE` or switch it to `SECURITY INVOKER` if that is not intentional.",https://supabase.com/docs/guides/database/database-linter?lint=0029_authenticated_security_definer_function_executable,"{""name"":""merge_people"",""schema"":""public"",""language"":""plpgsql"",""arguments"":""p_master_id uuid, p_duplicate_ids uuid[]"",""security_definer"":true}","authenticated_security_definer_function_executable_public_merge_people_p_master_id uuid, p_duplicate_ids uuid[]"
authenticated_security_definer_function_executable,Signed-In Users Can Execute SECURITY DEFINER Function,WARN,EXTERNAL,"[""SECURITY""]","Detects `SECURITY DEFINER` functions that are callable by signed-in users. Revoke `EXECUTE`, switch the function to `SECURITY INVOKER`, or move it out of your exposed API schema if signed-in users should not call it.","Function `public.merge_people(p_primary_id uuid, p_secondary_id uuid, p_metadata jsonb)` can be executed by the `authenticated` role as a `SECURITY DEFINER` function via `/rest/v1/rpc/merge_people`. Revoke `EXECUTE` or switch it to `SECURITY INVOKER` if that is not intentional.",https://supabase.com/docs/guides/database/database-linter?lint=0029_authenticated_security_definer_function_executable,"{""name"":""merge_people"",""schema"":""public"",""language"":""plpgsql"",""arguments"":""p_primary_id uuid, p_secondary_id uuid, p_metadata jsonb"",""security_definer"":true}","authenticated_security_definer_function_executable_public_merge_people_p_primary_id uuid, p_secondary_id uuid, p_metadata jsonb"
authenticated_security_definer_function_executable,Signed-In Users Can Execute SECURITY DEFINER Function,WARN,EXTERNAL,"[""SECURITY""]","Detects `SECURITY DEFINER` functions that are callable by signed-in users. Revoke `EXECUTE`, switch the function to `SECURITY INVOKER`, or move it out of your exposed API schema if signed-in users should not call it.",Function `public.refresh_all_popularity_scores()` can be executed by the `authenticated` role as a `SECURITY DEFINER` function via `/rest/v1/rpc/refresh_all_popularity_scores`. Revoke `EXECUTE` or switch it to `SECURITY INVOKER` if that is not intentional.,https://supabase.com/docs/guides/database/database-linter?lint=0029_authenticated_security_definer_function_executable,"{""name"":""refresh_all_popularity_scores"",""schema"":""public"",""language"":""plpgsql"",""arguments"":"""",""security_definer"":true}",authenticated_security_definer_function_executable_public_refresh_all_popularity_scores_